timestamp,event,latency
1740955822.7552958,send,0.0001583099365234375
1740955822.9910767,receive,5.125999450683594e-05
1740955823.0317352,receive,4.673004150390625e-05
1740955824.1030354,receive,9.34600830078125e-05
1740955824.1247838,send,3.790855407714844e-05
1740955824.125143,send,2.7179718017578125e-05
1740955825.5268383,receive,5.793571472167969e-05
1740955825.6196373,receive,4.220008850097656e-05
1740955825.6232188,send,4.3392181396484375e-05
1740955825.6235952,send,2.6941299438476562e-05
1740955825.6292837,receive,4.2438507080078125e-05
1740955825.7153149,receive,4.1961669921875e-05
1740955825.71924,send,2.9325485229492188e-05
1740955825.7194893,send,2.765655517578125e-05
1740955825.7946484,receive,3.9577484130859375e-05
1740955825.7981007,send,3.552436828613281e-05
1740955825.798411,send,2.6464462280273438e-05
1740955825.828826,receive,4.5299530029296875e-05
1740955825.9186065,receive,4.673004150390625e-05
1740955825.9228833,send,3.4332275390625e-05
1740955825.9231505,send,2.9802322387695312e-05
1740955825.9271655,receive,5.602836608886719e-05
1740955826.000624,receive,4.029273986816406e-05
1740955826.0039325,send,3.4809112548828125e-05
1740955826.0041752,send,2.6226043701171875e-05
1740955826.0265005,receive,4.887580871582031e-05
1740955826.0988111,receive,4.1484832763671875e-05
1740955826.1021771,send,2.9087066650390625e-05
1740955826.1024797,send,2.6226043701171875e-05
1740955826.1317914,receive,0.00016498565673828125
1740955826.2220767,receive,3.886222839355469e-05
1740955826.2250297,send,2.7894973754882812e-05
1740955826.225259,send,2.0742416381835938e-05
1740955826.226665,receive,2.9325485229492188e-05
1740955826.3204968,receive,4.935264587402344e-05
1740955826.3245556,send,3.2901763916015625e-05
1740955826.3248622,send,2.6226043701171875e-05
1740955826.3268797,receive,4.482269287109375e-05
1740955826.3971677,receive,3.8623809814453125e-05
1740955826.4001627,send,3.0279159545898438e-05
1740955826.4005342,send,2.288818359375e-05
1740955826.4267259,receive,4.00543212890625e-05
1740955826.4973068,receive,3.981590270996094e-05
1740955826.5006914,send,3.0994415283203125e-05
1740955826.5009606,send,2.6702880859375e-05
1740955826.5266423,receive,6.866455078125e-05
1740955826.607808,receive,3.886222839355469e-05
1740955826.6114666,send,3.647804260253906e-05
1740955826.6117618,send,2.6464462280273438e-05
1740955826.626557,receive,4.863739013671875e-05
1740955826.728971,receive,5.125999450683594e-05
1740955826.730232,receive,3.5762786865234375e-05
1740955826.734067,send,4.863739013671875e-05
1740955826.734408,send,2.86102294921875e-05
1740955826.791973,receive,5.6743621826171875e-05
1740955826.795715,send,3.7670135498046875e-05
1740955826.7961032,send,3.0040740966796875e-05
1740955826.826513,receive,5.316734313964844e-05
1740955826.8958802,receive,3.528594970703125e-05
1740955826.8990462,send,3.409385681152344e-05
1740955826.89927,send,2.6702880859375e-05
1740955826.92675,receive,4.887580871582031e-05
1740955827.0014784,receive,4.887580871582031e-05
1740955827.0049207,send,3.719329833984375e-05
1740955827.005173,send,2.0742416381835938e-05
1740955827.0264907,receive,3.790855407714844e-05
1740955827.098361,receive,4.172325134277344e-05
1740955827.1016846,send,3.3855438232421875e-05
1740955827.1019127,send,2.0742416381835938e-05
1740955827.1264994,receive,4.935264587402344e-05
1740955827.1976397,receive,3.743171691894531e-05
1740955827.2005398,send,2.6226043701171875e-05
1740955827.2007546,send,2.0265579223632812e-05
1740955827.2264144,receive,4.315376281738281e-05
1740955827.2994936,receive,4.482269287109375e-05
1740955827.3029006,send,2.8371810913085938e-05
1740955827.3031142,send,2.5987625122070312e-05
1740955827.3266015,receive,5.507469177246094e-05
1740955827.3994515,receive,4.6253204345703125e-05
1740955827.40267,send,3.600120544433594e-05
1740955827.4029326,send,2.4557113647460938e-05
1740955827.4266276,receive,5.340576171875e-05
1740955827.4920843,receive,4.6253204345703125e-05
1740955827.4953058,send,3.504753112792969e-05
1740955827.4955797,send,2.47955322265625e-05
1740955827.5314767,receive,0.00015044212341308594
1740955827.6286595,receive,4.935264587402344e-05
1740955827.6301837,receive,3.552436828613281e-05
1740955827.633051,send,3.1948089599609375e-05
1740955827.6333425,send,2.3603439331054688e-05
1740955827.700091,receive,3.886222839355469e-05
1740955827.7033582,send,2.6464462280273438e-05
1740955827.703623,send,2.1219253540039062e-05
1740955827.7266555,receive,4.124641418457031e-05
1740955827.7947502,receive,3.8623809814453125e-05
1740955827.7979171,send,2.8371810913085938e-05
1740955827.798146,send,2.6702880859375e-05
1740955827.826564,receive,4.172325134277344e-05
1740955827.8948066,receive,3.886222839355469e-05
1740955827.898017,send,2.9087066650390625e-05
1740955827.8982496,send,2.0742416381835938e-05
1740955827.926561,receive,4.839897155761719e-05
1740955827.9989514,receive,4.0531158447265625e-05
1740955828.0025623,send,3.0994415283203125e-05
1740955828.0028117,send,2.7894973754882812e-05
1740955828.0266542,receive,4.1961669921875e-05
1740955828.1000195,receive,4.172325134277344e-05
1740955828.1036804,send,3.147125244140625e-05
1740955828.1039243,send,2.86102294921875e-05
1740955828.1267576,receive,4.5299530029296875e-05
1740955828.1978889,receive,4.38690185546875e-05
1740955828.201369,send,3.266334533691406e-05
1740955828.2016323,send,2.7179718017578125e-05
1740955828.2267761,receive,5.0067901611328125e-05
1740955828.3009927,receive,4.38690185546875e-05
1740955828.3049695,send,3.8623809814453125e-05
1740955828.3053062,send,3.147125244140625e-05
1740955828.3269246,receive,5.14984130859375e-05
1740955828.4048438,receive,5.364418029785156e-05
1740955828.409036,send,3.814697265625e-05
1740955828.4093487,send,3.075599670410156e-05
1740955828.4270399,receive,5.698204040527344e-05
1740955828.5048542,receive,4.4345855712890625e-05
1740955828.5091763,send,3.5762786865234375e-05
1740955828.5096698,send,3.1948089599609375e-05
1740955828.5269413,receive,4.57763671875e-05
1740955828.602414,receive,4.839897155761719e-05
1740955828.6064553,send,4.0531158447265625e-05
1740955828.606745,send,3.2901763916015625e-05
1740955828.6268625,receive,4.673004150390625e-05
1740955828.7023797,receive,4.649162292480469e-05
1740955828.706684,send,4.57763671875e-05
1740955828.7070494,send,3.528594970703125e-05
1740955828.727131,receive,5.698204040527344e-05
1740955828.8157892,receive,4.935264587402344e-05
1740955828.8200483,send,3.361701965332031e-05
1740955828.820335,send,2.5033950805664062e-05
1740955828.8268874,receive,4.38690185546875e-05
1740955828.9040968,receive,4.57763671875e-05
1740955828.9078145,send,3.1948089599609375e-05
1740955828.908124,send,2.8848648071289062e-05
1740955828.9271374,receive,4.6253204345703125e-05
1740955829.0050328,receive,4.649162292480469e-05
1740955829.0090933,send,3.5762786865234375e-05
1740955829.0095305,send,2.7179718017578125e-05
1740955829.027071,receive,4.673004150390625e-05
1740955829.1023073,receive,4.506111145019531e-05
1740955829.106479,send,4.076957702636719e-05
1740955829.106803,send,2.765655517578125e-05
1740955829.1298938,receive,0.00010395050048828125
1740955829.2201288,receive,4.38690185546875e-05
1740955829.2241933,send,4.482269287109375e-05
1740955829.2244797,send,4.029273986816406e-05
1740955829.226886,receive,3.8623809814453125e-05
1740955829.3047714,receive,6.508827209472656e-05
1740955829.309012,send,4.6253204345703125e-05
1740955829.3093998,send,3.2901763916015625e-05
1740955829.3273096,receive,5.0067901611328125e-05
1740955829.40775,receive,4.9591064453125e-05
1740955829.412291,send,4.5299530029296875e-05
1740955829.4127138,send,3.147125244140625e-05
1740955829.4271476,receive,6.198883056640625e-05
1740955829.5068524,receive,5.14984130859375e-05
1740955829.5110562,send,4.7206878662109375e-05
1740955829.5114613,send,3.647804260253906e-05
1740955829.5272171,receive,6.532669067382812e-05
1740955829.6066208,receive,5.173683166503906e-05
1740955829.6110008,send,4.3392181396484375e-05
1740955829.611364,send,3.0994415283203125e-05
1740955829.627286,receive,4.76837158203125e-05
1740955829.7080243,receive,4.863739013671875e-05
1740955829.7123184,send,3.719329833984375e-05
1740955829.7126443,send,2.86102294921875e-05
1740955830.1249633,receive,8.487701416015625e-05
1740955830.165766,receive,5.626678466796875e-05
1740955830.202955,receive,4.2438507080078125e-05
1740955830.20631,send,3.266334533691406e-05
1740955830.2066283,send,2.3126602172851562e-05
1740955830.211439,receive,4.1961669921875e-05
1740955830.281932,receive,3.910064697265625e-05
1740955830.2850566,send,3.337860107421875e-05
1740955830.2853057,send,2.1696090698242188e-05
1740955830.3823142,receive,4.1961669921875e-05
1740955830.3860233,send,3.528594970703125e-05
1740955830.3863187,send,2.3126602172851562e-05
1740955830.411555,receive,4.1961669921875e-05
1740955830.4794796,receive,4.076957702636719e-05
1740955830.483054,send,3.0279159545898438e-05
1740955830.483334,send,2.288818359375e-05
1740955830.6165175,receive,9.107589721679688e-05
1740955830.657717,receive,4.553794860839844e-05
1740955830.6944892,receive,4.029273986816406e-05
1740955830.6978471,send,3.2901763916015625e-05
1740955830.6980922,send,2.6226043701171875e-05
1740955830.7130818,receive,4.4345855712890625e-05
1740955830.7791965,receive,4.6253204345703125e-05
1740955830.7821963,send,3.504753112792969e-05
1740955830.7824645,send,2.1457672119140625e-05
1740955830.8857365,receive,4.4345855712890625e-05
1740955830.889511,send,4.5299530029296875e-05
1740955830.8898027,send,2.2649765014648438e-05
1740955830.9132462,receive,4.8160552978515625e-05
1740955830.9773192,receive,4.267692565917969e-05
1740955830.9806156,send,2.956390380859375e-05
1740955830.980862,send,2.2649765014648438e-05
1740955831.0134602,receive,5.3882598876953125e-05
1740955831.0863187,receive,4.076957702636719e-05
1740955831.0899115,send,3.0517578125e-05
1740955831.090184,send,3.743171691894531e-05
1740955831.113245,receive,4.291534423828125e-05
1740955831.184038,receive,5.125999450683594e-05
1740955831.1875362,send,3.147125244140625e-05
1740955831.1877666,send,2.2649765014648438e-05
1740955831.2133563,receive,4.220008850097656e-05
1740955831.8242662,receive,6.437301635742188e-05
1740955831.826379,receive,4.57763671875e-05
1740955831.8574216,receive,3.790855407714844e-05
1740955831.8602197,send,4.673004150390625e-05
1740955831.8604832,send,1.9550323486328125e-05
1740955831.8627095,send,2.4080276489257812e-05
1740955831.8629801,send,2.09808349609375e-05
1740955831.8716433,receive,4.410743713378906e-05
1740955831.8862703,receive,3.933906555175781e-05
1740955831.9393454,receive,3.814697265625e-05
1740955831.9426837,send,2.6941299438476562e-05
1740955831.9429662,send,2.2172927856445312e-05
1740955832.0416477,receive,4.1484832763671875e-05
1740955832.0451803,send,3.3855438232421875e-05
1740955832.0454636,send,2.1696090698242188e-05
1740955832.0717368,receive,4.57763671875e-05
1740955832.1435285,receive,4.124641418457031e-05
1740955832.1472092,send,3.814697265625e-05
1740955832.1474938,send,2.4080276489257812e-05
1740955832.1717732,receive,4.1961669921875e-05
1740955832.24607,receive,4.172325134277344e-05
1740955832.2496243,send,3.24249267578125e-05
1740955832.2499137,send,2.2411346435546875e-05
1740955832.271672,receive,4.00543212890625e-05
1740955832.3410313,receive,3.9577484130859375e-05
1740955832.344322,send,2.765655517578125e-05
1740955832.3445477,send,2.4318695068359375e-05
1740955832.37159,receive,4.100799560546875e-05
1740955832.4408069,receive,4.076957702636719e-05
1740955832.4438777,send,2.6464462280273438e-05
1740955832.4440732,send,2.0265579223632812e-05
1740955832.4716353,receive,4.220008850097656e-05
1740955832.5447283,receive,4.57763671875e-05
1740955832.5487142,send,3.4332275390625e-05
1740955832.548994,send,3.695487976074219e-05
1740955832.571639,receive,4.172325134277344e-05
1740955832.6508229,receive,4.1961669921875e-05
1740955832.6544533,send,2.8848648071289062e-05
1740955832.6547225,send,2.6941299438476562e-05
1740955832.671629,receive,3.981590270996094e-05
1740955832.7470562,receive,4.38690185546875e-05
1740955832.7505422,send,3.0517578125e-05
1740955832.7508326,send,2.288818359375e-05
1740955832.7718506,receive,4.267692565917969e-05
1740955832.844249,receive,4.220008850097656e-05
1740955832.8477588,send,3.123283386230469e-05
1740955832.848021,send,2.5033950805664062e-05
1740955832.8719466,receive,4.38690185546875e-05
1740955832.947589,receive,4.315376281738281e-05
1740955832.951411,send,3.314018249511719e-05
1740955832.9517202,send,2.384185791015625e-05
1740955832.9719427,receive,4.506111145019531e-05
1740955833.0438037,receive,4.458427429199219e-05
1740955833.0476782,send,3.314018249511719e-05
1740955833.0479324,send,2.384185791015625e-05
1740955833.0719123,receive,4.649162292480469e-05
1740955833.1412983,receive,4.601478576660156e-05
1740955833.1450148,send,4.124641418457031e-05
1740955833.1453173,send,2.5033950805664062e-05
1740955833.1719499,receive,6.628036499023438e-05
1740955833.2421453,receive,4.291534423828125e-05
1740955833.2460465,send,3.600120544433594e-05
1740955833.2463644,send,3.0994415283203125e-05
1740955833.2720058,receive,6.389617919921875e-05
1740955833.3504796,receive,4.5299530029296875e-05
1740955833.3545794,send,3.528594970703125e-05
1740955833.354862,send,3.24249267578125e-05
1740955833.3718846,receive,5.412101745605469e-05
1740955833.4504457,receive,4.649162292480469e-05
1740955833.454342,send,3.62396240234375e-05
1740955833.4546254,send,2.5510787963867188e-05
1740955833.4722602,receive,5.9604644775390625e-05
1740955833.5493047,receive,4.673004150390625e-05
1740955833.5534863,send,3.647804260253906e-05
1740955833.553747,send,3.62396240234375e-05
1740955833.5721035,receive,6.365776062011719e-05
1740955833.6511464,receive,5.936622619628906e-05
1740955833.6554346,send,4.744529724121094e-05
1740955833.655754,send,2.8133392333984375e-05
1740955833.6719575,receive,4.839897155761719e-05
1740955833.751345,receive,6.222724914550781e-05
1740955833.7555432,send,3.790855407714844e-05
1740955833.7558517,send,3.409385681152344e-05
1740955833.7722726,receive,4.839897155761719e-05
1740955833.8528447,receive,4.6253204345703125e-05
1740955833.8570433,send,3.814697265625e-05
1740955833.8573885,send,2.7179718017578125e-05
1740955833.8721719,receive,7.390975952148438e-05
1740955833.9504757,receive,4.696846008300781e-05
1740955833.9543808,send,3.790855407714844e-05
1740955833.9547207,send,3.504753112792969e-05
1740955833.972031,receive,4.792213439941406e-05
1740955834.0632071,receive,5.245208740234375e-05
1740955834.0673282,send,3.504753112792969e-05
1740955834.0676515,send,2.6941299438476562e-05
1740955834.0719602,receive,4.172325134277344e-05
1740955834.1540554,receive,4.8160552978515625e-05
1740955834.158299,send,3.552436828613281e-05
1740955834.1587336,send,3.0517578125e-05
1740955834.1721184,receive,5.626678466796875e-05
1740955834.252631,receive,4.887580871582031e-05
1740955834.258822,send,4.172325134277344e-05
1740955834.2591538,send,3.504753112792969e-05
1740955834.2720704,receive,4.863739013671875e-05
1740955834.3544247,receive,4.76837158203125e-05
1740955834.3589406,send,3.647804260253906e-05
1740955834.3592494,send,2.9325485229492188e-05
1740955834.3720386,receive,4.792213439941406e-05
1740955834.4546583,receive,4.792213439941406e-05
1740955834.4594314,send,3.886222839355469e-05
1740955834.4597392,send,3.361701965332031e-05
1740955834.4720478,receive,4.553794860839844e-05
1740955834.556456,receive,4.982948303222656e-05
1740955834.5606687,send,3.814697265625e-05
1740955834.5609965,send,2.9325485229492188e-05
1740955834.5724545,receive,7.82012939453125e-05
1740955834.6596751,receive,6.67572021484375e-05
1740955834.6661909,send,7.295608520507812e-05
1740955834.6666682,send,5.507469177246094e-05
1740955834.6724005,receive,5.650520324707031e-05
1740955834.8254833,receive,6.985664367675781e-05
1740955834.827472,receive,9.512901306152344e-05
1740955834.929098,receive,8.273124694824219e-05
1740955835.040287,receive,8.320808410644531e-05
1740955835.163672,receive,7.867813110351562e-05
1740955835.1722553,send,7.62939453125e-05
1740955835.2960725,send,0.00010371208190917969
1740955835.2970498,send,9.393692016601562e-05
1740955835.297795,receive,9.274482727050781e-05
1740955835.3999953,send,7.43865966796875e-05
1740955835.400302,send,4.267692565917969e-05
1740955835.4008222,receive,4.506111145019531e-05
1740955835.4038587,send,7.987022399902344e-05
1740955835.4040651,send,3.5762786865234375e-05
1740955835.404745,receive,4.673004150390625e-05
1740955835.5120678,send,6.437301635742188e-05
1740955835.5127094,receive,4.744529724121094e-05
1740955835.5999267,send,6.461143493652344e-05
1740955835.6004279,receive,4.5299530029296875e-05
1740955835.6027844,send,5.53131103515625e-05
1740955835.6032934,send,4.76837158203125e-05
1740955835.6036527,receive,4.3392181396484375e-05
1740955835.6051106,send,4.3392181396484375e-05
1740955835.605715,receive,4.4345855712890625e-05
1740955835.6956298,receive,6.532669067382812e-05
1740955835.6975343,send,4.8160552978515625e-05
1740955835.6978157,receive,4.1961669921875e-05
1740955835.6986425,send,4.291534423828125e-05
1740955835.792214,send,7.867813110351562e-05
1740955835.7927778,receive,5.2928924560546875e-05
1740955835.7941346,send,5.4836273193359375e-05
1740955835.7956505,receive,7.033348083496094e-05
1740955835.8004398,receive,6.866455078125e-05
1740955835.8011715,send,7.534027099609375e-05
1740955835.8691356,receive,7.367134094238281e-05
1740955835.8704154,send,5.1975250244140625e-05
1740955835.8765721,receive,6.914138793945312e-05
1740955835.8771398,send,4.7206878662109375e-05
1740955835.9463875,receive,8.225440979003906e-05
1740955835.9477975,send,7.605552673339844e-05
1740955835.949557,receive,6.604194641113281e-05
1740955835.9544525,receive,9.632110595703125e-05
1740955836.0187478,send,6.127357482910156e-05
1740955836.0193958,receive,4.482269287109375e-05
1740955836.0243447,send,5.412101745605469e-05
1740955836.0248976,receive,4.363059997558594e-05
1740955836.0254948,send,4.1961669921875e-05
1740955836.0263758,send,4.1484832763671875e-05
1740955836.0318289,send,5.412101745605469e-05
1740955836.032289,send,4.124641418457031e-05
1740955836.1157205,receive,6.341934204101562e-05
1740955836.117335,receive,5.555152893066406e-05
1740955836.1186564,receive,5.8650970458984375e-05
1740955836.1202493,receive,5.507469177246094e-05
1740955836.1263444,send,6.890296936035156e-05
1740955836.1271765,send,7.081031799316406e-05
1740955836.2006013,receive,6.198883056640625e-05
1740955836.2034624,receive,5.459785461425781e-05
1740955836.207596,send,4.935264587402344e-05
1740955836.2081113,send,4.482269287109375e-05
1740955836.2913625,receive,6.127357482910156e-05
1740955836.2976608,send,5.078315734863281e-05
1740955836.2981305,send,4.0531158447265625e-05
1740955836.3027973,receive,5.4836273193359375e-05
1740955836.3867157,receive,6.0558319091796875e-05
1740955836.3928342,send,4.6253204345703125e-05
1740955836.3932498,send,3.790855407714844e-05
1740955836.4028409,receive,5.3882598876953125e-05
1740955836.488889,receive,5.745887756347656e-05
1740955836.4940853,send,4.363059997558594e-05
1740955836.4944909,send,3.814697265625e-05
1740955836.5026803,receive,5.4836273193359375e-05
1740955836.5849915,receive,5.602836608886719e-05
1740955836.5900903,send,4.315376281738281e-05
1740955836.5904748,send,4.601478576660156e-05
1740955836.6026843,receive,5.555152893066406e-05
1740955836.6838894,receive,5.316734313964844e-05
1740955836.689463,send,6.151199340820312e-05
1740955836.6898506,send,4.1961669921875e-05
1740955836.7028282,receive,5.7697296142578125e-05
1740955836.8162086,receive,6.4849853515625e-05
1740955836.8175502,receive,4.220008850097656e-05
1740955836.82167,send,4.744529724121094e-05
1740955836.8220716,send,3.170967102050781e-05
1740955836.8945405,receive,6.937980651855469e-05
1740955836.9003463,send,5.316734313964844e-05
1740955836.9007468,send,3.6716461181640625e-05
1740955836.9029007,receive,5.078315734863281e-05
1740955837.0046065,receive,6.318092346191406e-05
1740955837.0064564,receive,6.127357482910156e-05
1740955837.011259,send,5.507469177246094e-05
1740955837.0116866,send,3.814697265625e-05
1740955837.0855951,receive,5.435943603515625e-05
1740955837.0902736,send,4.172325134277344e-05
1740955837.090906,send,4.124641418457031e-05
1740955837.1032193,receive,0.00010919570922851562
1740955837.1972935,receive,5.5789947509765625e-05
1740955837.2021518,send,6.318092346191406e-05
1740955837.2028685,receive,3.814697265625e-05
1740955837.2031431,send,3.075599670410156e-05
1740955837.2895727,receive,5.364418029785156e-05
1740955837.2946267,send,4.363059997558594e-05
1740955837.295006,send,3.1948089599609375e-05
1740955837.3029006,receive,6.4849853515625e-05
1740955837.3870232,receive,5.340576171875e-05
1740955837.3916466,send,4.38690185546875e-05
1740955837.391989,send,3.0994415283203125e-05
1740955837.4027097,receive,5.245208740234375e-05
1740955837.4878213,receive,5.3882598876953125e-05
1740955837.492441,send,4.100799560546875e-05
1740955837.4929585,send,3.5762786865234375e-05
1740955837.5026932,receive,5.435943603515625e-05
1740955837.5854125,receive,4.9591064453125e-05
1740955837.5897014,send,3.9577484130859375e-05
1740955837.590034,send,3.0517578125e-05
1740955837.602648,receive,6.270408630371094e-05
1740955837.6835961,receive,5.14984130859375e-05
1740955837.6881368,send,3.814697265625e-05
1740955837.6885366,send,4.482269287109375e-05
1740955837.7025728,receive,4.839897155761719e-05
1740955837.7849224,receive,4.57763671875e-05
1740955837.7895243,send,3.6716461181640625e-05
1740955837.7898743,send,2.956390380859375e-05
1740955837.802565,receive,5.054473876953125e-05
1740955837.8818777,receive,4.863739013671875e-05
1740955837.8863053,send,4.1961669921875e-05
1740955837.8868787,send,4.673004150390625e-05
1740955837.9026227,receive,4.9591064453125e-05
1740955837.984784,receive,4.863739013671875e-05
1740955837.9891822,send,5.125999450683594e-05
1740955837.9895673,send,2.9325485229492188e-05
1740955838.00265,receive,4.887580871582031e-05
1740955838.0763967,receive,5.7220458984375e-05
1740955838.081203,send,4.792213439941406e-05
1740955838.0815706,send,3.0994415283203125e-05
1740955838.10269,receive,5.340576171875e-05
1740955838.1873918,receive,4.9591064453125e-05
1740955838.1915524,send,3.4332275390625e-05
1740955838.1918385,send,3.647804260253906e-05
1740955838.2025454,receive,4.57763671875e-05
1740955838.283438,receive,5.030632019042969e-05
1740955838.2876413,send,4.220008850097656e-05
1740955838.2879663,send,3.7670135498046875e-05
1740955838.302628,receive,4.9114227294921875e-05
1740955838.3847013,receive,4.9114227294921875e-05
1740955838.3892167,send,4.9591064453125e-05
1740955838.389572,send,2.8848648071289062e-05
1740955838.4026413,receive,4.673004150390625e-05
1740955838.4837818,receive,4.863739013671875e-05
1740955838.4880366,send,3.719329833984375e-05
1740955838.4883814,send,2.7894973754882812e-05
1740955838.5027559,receive,4.601478576660156e-05
1740955838.5839357,receive,4.9591064453125e-05
1740955838.5880892,send,3.790855407714844e-05
1740955838.5884216,send,2.9087066650390625e-05
1740955838.6027315,receive,4.744529724121094e-05
1740955838.6839516,receive,4.887580871582031e-05
1740955838.68816,send,3.62396240234375e-05
1740955838.688519,send,2.86102294921875e-05
1740955838.7027774,receive,4.792213439941406e-05
1740955838.785264,receive,4.839897155761719e-05
1740955838.7895901,send,3.743171691894531e-05
1740955838.7898817,send,2.86102294921875e-05
1740955838.8026366,receive,4.7206878662109375e-05
1740955838.8824604,receive,4.982948303222656e-05
1740955838.88648,send,3.838539123535156e-05
1740955838.8867698,send,2.8371810913085938e-05
1740955838.9028158,receive,4.839897155761719e-05
1740955838.985176,receive,5.7220458984375e-05
1740955838.989787,send,4.458427429199219e-05
1740955838.9901283,send,3.170967102050781e-05
1740955839.0027068,receive,4.673004150390625e-05
1740955839.0848372,receive,4.76837158203125e-05
1740955839.0890598,send,5.507469177246094e-05
1740955839.0894718,send,3.814697265625e-05
1740955839.1026828,receive,4.839897155761719e-05
1740955839.1835458,receive,4.863739013671875e-05
1740955839.1876855,send,3.6716461181640625e-05
1740955839.1880097,send,3.4332275390625e-05
1740955839.202731,receive,4.673004150390625e-05
1740955839.2849355,receive,5.221366882324219e-05
1740955839.2894194,send,4.6253204345703125e-05
1740955839.2897713,send,4.1484832763671875e-05
1740955839.3027256,receive,4.5299530029296875e-05
1740955839.3863976,receive,5.1021575927734375e-05
1740955839.3910644,send,4.482269287109375e-05
1740955839.391435,send,3.0040740966796875e-05
1740955839.402992,receive,5.078315734863281e-05
1740955839.4898913,receive,5.1021575927734375e-05
1740955839.4944246,send,4.291534423828125e-05
1740955839.4948163,send,4.315376281738281e-05
1740955839.5032015,receive,6.580352783203125e-05
1740955839.5905273,receive,5.245208740234375e-05
1740955839.5949516,send,4.601478576660156e-05
1740955839.5953023,send,3.170967102050781e-05
1740955839.6029067,receive,6.413459777832031e-05
1740955839.700993,receive,6.866455078125e-05
1740955839.7031853,receive,6.365776062011719e-05
1740955839.7085261,send,7.486343383789062e-05
1740955839.709087,send,4.410743713378906e-05
1740955839.7965345,receive,5.984306335449219e-05
1740955839.8028157,send,7.390975952148438e-05
1740955839.803664,receive,4.220008850097656e-05
1740955839.803998,send,4.172325134277344e-05
1740955839.8959954,receive,5.7697296142578125e-05
1740955839.9008753,send,4.863739013671875e-05
1740955839.9013538,send,4.5299530029296875e-05
1740955839.903104,receive,5.412101745605469e-05
1740955839.9872696,receive,5.340576171875e-05
1740955839.9920464,send,5.245208740234375e-05
1740955839.9924955,send,4.458427429199219e-05
1740955840.0031655,receive,5.650520324707031e-05
1740955840.0900598,receive,5.1975250244140625e-05
1740955840.0944273,send,5.984306335449219e-05
1740955840.0948048,send,3.361701965332031e-05
1740955840.1030774,receive,5.8650970458984375e-05
1740955840.188318,receive,5.4836273193359375e-05
1740955840.1930602,send,4.3392181396484375e-05
1740955840.1934595,send,3.457069396972656e-05
1740955840.2031612,receive,5.2928924560546875e-05
1740955840.2901876,receive,6.508827209472656e-05
1740955840.2949474,send,4.1961669921875e-05
1740955840.2952833,send,3.790855407714844e-05
1740955840.3030524,receive,5.4836273193359375e-05
1740955840.3894567,receive,5.340576171875e-05
1740955840.3946462,send,5.030632019042969e-05
1740955840.3950083,send,3.504753112792969e-05
1740955840.403487,receive,5.221366882324219e-05
1740955840.4910574,receive,5.340576171875e-05
1740955840.4964557,send,5.245208740234375e-05
1740955840.4968455,send,3.981590270996094e-05
1740955840.5032585,receive,7.271766662597656e-05
1740955840.5876353,receive,8.320808410644531e-05
1740955840.5921204,send,4.2438507080078125e-05
1740955840.592515,send,3.314018249511719e-05
1740955840.6030924,receive,5.221366882324219e-05
1740955840.6862395,receive,5.4836273193359375e-05
1740955840.6906135,send,3.886222839355469e-05
1740955840.6909473,send,3.8623809814453125e-05
1740955840.703019,receive,5.1021575927734375e-05
1740955840.788342,receive,5.245208740234375e-05
1740955840.7932093,send,4.792213439941406e-05
1740955840.7935662,send,3.170967102050781e-05
1740955840.8029742,receive,4.744529724121094e-05
1740955840.888577,receive,5.364418029785156e-05
1740955840.8931272,send,4.1484832763671875e-05
1740955840.8934798,send,4.267692565917969e-05
1740955840.9031863,receive,6.103515625e-05
1740955840.9866982,receive,5.078315734863281e-05
1740955840.9911635,send,4.00543212890625e-05
1740955840.9915302,send,2.9802322387695312e-05
1740955841.00336,receive,5.0067901611328125e-05
1740955841.0848906,receive,5.054473876953125e-05
1740955841.0891373,send,4.0531158447265625e-05
1740955841.089507,send,2.9802322387695312e-05
1740955841.102978,receive,6.866455078125e-05
1740955841.1861784,receive,5.841255187988281e-05
1740955841.1907465,send,4.267692565917969e-05
1740955841.1910677,send,2.8848648071289062e-05
1740955841.203068,receive,6.4849853515625e-05
1740955841.292847,receive,5.698204040527344e-05
1740955841.2975662,send,4.696846008300781e-05
1740955841.2979364,send,2.8848648071289062e-05
1740955841.3030367,receive,4.935264587402344e-05
1740955841.3862436,receive,5.054473876953125e-05
1740955841.3906538,send,4.029273986816406e-05
1740955841.39101,send,3.0040740966796875e-05
1740955841.4032025,receive,6.103515625e-05
1740955841.4965508,receive,5.340576171875e-05
1740955841.501622,send,5.412101745605469e-05
1740955841.5020664,send,4.363059997558594e-05
1740955841.5033045,receive,4.3392181396484375e-05
1740955841.588656,receive,5.078315734863281e-05
1740955841.59381,send,7.414817810058594e-05
1740955841.5942433,send,3.266334533691406e-05
1740955841.6032484,receive,5.054473876953125e-05
1740955841.6907806,receive,5.078315734863281e-05
1740955841.6951137,send,4.1961669921875e-05
1740955841.6954682,send,3.361701965332031e-05
1740955841.7031934,receive,7.557868957519531e-05
1740955841.7863271,receive,5.1975250244140625e-05
1740955841.7907922,send,4.1961669921875e-05
1740955841.7911232,send,2.9802322387695312e-05
1740955841.8031423,receive,5.2928924560546875e-05
1740955841.8859673,receive,6.103515625e-05
1740955841.8905768,send,4.363059997558594e-05
1740955841.890948,send,3.218650817871094e-05
1740955841.9030876,receive,5.1021575927734375e-05
1740955841.988111,receive,5.054473876953125e-05
1740955841.9928389,send,4.220008850097656e-05
1740955841.9931953,send,4.8160552978515625e-05
1740955842.0029507,receive,5.555152893066406e-05
1740955842.0857708,receive,4.935264587402344e-05
1740955842.0905757,send,3.886222839355469e-05
1740955842.0909219,send,2.7894973754882812e-05
1740955842.1032722,receive,7.510185241699219e-05
1740955842.1884055,receive,5.0067901611328125e-05
1740955842.1933923,send,4.9591064453125e-05
1740955842.1937716,send,3.695487976074219e-05
1740955842.2031996,receive,6.008148193359375e-05
1740955842.2877235,receive,4.696846008300781e-05
1740955842.2923248,send,3.814697265625e-05
1740955842.2926505,send,4.38690185546875e-05
1740955842.3031132,receive,5.221366882324219e-05
1740955842.382785,receive,5.030632019042969e-05
1740955842.3873923,send,3.886222839355469e-05
1740955842.3878245,send,3.600120544433594e-05
1740955842.4032853,receive,4.839897155761719e-05
1740955842.4897904,receive,4.935264587402344e-05
1740955842.4940486,send,4.5299530029296875e-05
1740955842.494483,send,3.814697265625e-05
1740955842.502937,receive,4.935264587402344e-05
1740955842.5799985,receive,5.602836608886719e-05
1740955842.5840144,send,3.62396240234375e-05
1740955842.5843372,send,2.9087066650390625e-05
1740955842.6031425,receive,5.221366882324219e-05
1740955842.6831877,receive,5.936622619628906e-05
1740955842.687626,send,4.410743713378906e-05
1740955842.68801,send,2.9802322387695312e-05
1740955842.703492,receive,5.269050598144531e-05
1740955842.7862759,receive,4.982948303222656e-05
1740955842.7906554,send,4.839897155761719e-05
1740955842.7909932,send,3.218650817871094e-05
1740955842.8031209,receive,5.030632019042969e-05
1740955842.8935041,receive,6.031990051269531e-05
1740955842.897919,send,4.100799560546875e-05
1740955842.8982525,send,2.9325485229492188e-05
1740955842.9032228,receive,6.0558319091796875e-05
1740955842.988832,receive,4.9591064453125e-05
1740955842.9932446,send,3.910064697265625e-05
1740955842.9935598,send,2.86102294921875e-05
1740955843.0032437,receive,6.270408630371094e-05
1740955843.0878098,receive,5.078315734863281e-05
1740955843.0923219,send,3.910064697265625e-05
1740955843.092669,send,2.86102294921875e-05
1740955843.1032572,receive,5.1975250244140625e-05
1740955843.1879103,receive,5.0067901611328125e-05
1740955843.1925366,send,3.8623809814453125e-05
1740955843.19289,send,3.409385681152344e-05
1740955843.2031648,receive,4.696846008300781e-05
1740955843.286999,receive,5.054473876953125e-05
1740955843.2914581,send,5.245208740234375e-05
1740955843.2918034,send,3.743171691894531e-05
1740955843.3031352,receive,5.078315734863281e-05
1740955843.3870502,receive,4.863739013671875e-05
1740955843.3918512,send,4.124641418457031e-05
1740955843.392207,send,4.267692565917969e-05
1740955843.4030733,receive,4.935264587402344e-05
1740955843.481959,receive,5.0067901611328125e-05
1740955843.4865308,send,5.459785461425781e-05
1740955843.4869366,send,3.9577484130859375e-05
1740955843.5029666,receive,4.887580871582031e-05
1740955843.587103,receive,5.054473876953125e-05
1740955843.5915663,send,4.982948303222656e-05
1740955843.5918925,send,3.695487976074219e-05
1740955843.6029363,receive,4.744529724121094e-05
1740955843.687562,receive,4.839897155761719e-05
1740955843.6918674,send,3.5762786865234375e-05
1740955843.6921947,send,4.601478576660156e-05
1740955843.7031453,receive,5.054473876953125e-05
1740955843.7851892,receive,5.698204040527344e-05
1740955843.7897158,send,4.172325134277344e-05
1740955843.790095,send,3.147125244140625e-05
1740955843.8031259,receive,7.104873657226562e-05
1740955843.891197,receive,5.9604644775390625e-05
1740955843.8956535,send,3.695487976074219e-05
1740955843.896009,send,3.266334533691406e-05
1740955843.903311,receive,5.1975250244140625e-05
1740955843.9745607,receive,5.14984130859375e-05
1740955843.9791467,send,4.2438507080078125e-05
1740955843.9795964,send,3.314018249511719e-05
1740955844.00317,receive,7.915496826171875e-05
1740955844.1137264,receive,5.5789947509765625e-05
1740955844.1154718,receive,4.38690185546875e-05
1740955844.1202586,send,4.673004150390625e-05
1740955844.1206584,send,3.4332275390625e-05
1740955844.1925795,receive,5.078315734863281e-05
1740955844.1975536,send,4.172325134277344e-05
1740955844.197927,send,2.86102294921875e-05
1740955844.20317,receive,4.4345855712890625e-05
1740955844.298521,receive,6.318092346191406e-05
1740955844.3031757,receive,0.0004372596740722656
1740955844.3043299,send,3.361701965332031e-05
1740955844.3046637,send,3.123283386230469e-05
1740955844.3871627,receive,5.245208740234375e-05
1740955844.3915422,send,4.100799560546875e-05
1740955844.3918664,send,3.147125244140625e-05
1740955844.4030936,receive,5.459785461425781e-05
1740955844.486838,receive,5.030632019042969e-05
1740955844.491244,send,4.029273986816406e-05
1740955844.4916046,send,2.956390380859375e-05
1740955844.5030823,receive,4.76837158203125e-05
1740955844.5874445,receive,4.935264587402344e-05
1740955844.591683,send,3.981590270996094e-05
1740955844.59215,send,5.3882598876953125e-05
1740955844.6030984,receive,4.8160552978515625e-05
1740955844.6871274,receive,4.9591064453125e-05
1740955844.6920574,send,4.100799560546875e-05
1740955844.692448,send,3.075599670410156e-05
1740955844.7032793,receive,7.82012939453125e-05
1740955844.787119,receive,7.939338684082031e-05
1740955844.7915976,send,3.886222839355469e-05
1740955844.7919562,send,4.1961669921875e-05
1740955844.803284,receive,4.887580871582031e-05
1740955844.885902,receive,5.030632019042969e-05
1740955844.8901343,send,3.981590270996094e-05
1740955844.8904672,send,2.8371810913085938e-05
1740955844.9031963,receive,6.246566772460938e-05
1740955844.985274,receive,5.078315734863281e-05
1740955844.9896667,send,4.076957702636719e-05
1740955844.9899807,send,2.8371810913085938e-05
1740955845.0030954,receive,5.1021575927734375e-05
1740955845.084605,receive,4.935264587402344e-05
1740955845.0886843,send,4.506111145019531e-05
1740955845.0889668,send,2.9087066650390625e-05
1740955845.1032684,receive,4.76837158203125e-05
1740955845.1878984,receive,4.315376281738281e-05
1740955845.192087,send,3.743171691894531e-05
1740955845.1924047,send,2.9325485229492188e-05
1740955845.2031431,receive,5.1975250244140625e-05
1740955845.2875934,receive,4.9114227294921875e-05
1740955845.2919414,send,3.8623809814453125e-05
1740955845.292307,send,3.743171691894531e-05
1740955845.3031144,receive,5.841255187988281e-05
1740955845.3938258,receive,5.078315734863281e-05
1740955845.398261,send,4.506111145019531e-05
1740955845.3986266,send,2.9802322387695312e-05
1740955845.4032118,receive,5.745887756347656e-05
1740955845.4857635,receive,5.0067901611328125e-05
1740955845.4904182,send,3.8623809814453125e-05
1740955845.4907925,send,3.981590270996094e-05
1740955845.5030975,receive,5.078315734863281e-05
1740955845.5871198,receive,6.651878356933594e-05
1740955845.5913894,send,3.790855407714844e-05
1740955845.5917428,send,2.9802322387695312e-05
1740955845.603512,receive,5.53131103515625e-05
1740955845.6857018,receive,5.078315734863281e-05
1740955845.6902955,send,3.886222839355469e-05
1740955845.690631,send,3.552436828613281e-05
1740955845.7035072,receive,5.459785461425781e-05
1740955845.7871604,receive,8.559226989746094e-05
1740955845.7917738,send,3.933906555175781e-05
1740955845.792137,send,3.361701965332031e-05
1740955845.8030906,receive,5.030632019042969e-05
1740955845.8903246,receive,5.269050598144531e-05
1740955845.895557,send,4.7206878662109375e-05
1740955845.8959131,send,3.933906555175781e-05
1740955845.903471,receive,8.869171142578125e-05
1740955845.9902833,receive,6.151199340820312e-05
1740955845.9948587,send,4.076957702636719e-05
1740955845.9951599,send,2.9087066650390625e-05
1740955846.003457,receive,5.459785461425781e-05
1740955846.0809317,receive,8.654594421386719e-05
1740955846.085558,send,6.699562072753906e-05
1740955846.0859945,send,4.172325134277344e-05
1740955846.103403,receive,4.982948303222656e-05
1740955846.1937659,receive,5.1021575927734375e-05
1740955846.1982763,send,3.838539123535156e-05
1740955846.1986427,send,3.457069396972656e-05
1740955846.2034912,receive,0.0003981590270996094
1740955846.290921,receive,6.389617919921875e-05
1740955846.29567,send,3.933906555175781e-05
1740955846.2960315,send,3.266334533691406e-05
1740955846.303469,receive,6.246566772460938e-05
1740955846.3909478,receive,5.245208740234375e-05
1740955846.3952348,send,4.029273986816406e-05
1740955846.3955986,send,3.170967102050781e-05
1740955846.4034793,receive,5.3882598876953125e-05
1740955846.491428,receive,5.269050598144531e-05
1740955846.4965625,send,4.506111145019531e-05
1740955846.4969199,send,3.266334533691406e-05
1740955846.5032454,receive,7.200241088867188e-05
1740955846.5893872,receive,5.364418029785156e-05
1740955846.5941699,send,4.76837158203125e-05
1740955846.594565,send,3.1948089599609375e-05
1740955846.6033015,receive,7.557868957519531e-05
1740955846.6906774,receive,5.3882598876953125e-05
1740955846.695294,send,5.817413330078125e-05
1740955846.6956553,send,4.076957702636719e-05
1740955846.703513,receive,7.05718994140625e-05
1740955846.7948868,receive,5.555152893066406e-05
1740955846.8001668,send,6.699562072753906e-05
1740955846.800599,send,5.0067901611328125e-05
1740955846.8033204,receive,5.1021575927734375e-05
1740955846.8966975,receive,5.888938903808594e-05
1740955846.9017763,send,5.340576171875e-05
1740955846.9022202,send,5.3882598876953125e-05
1740955846.9034219,receive,5.602836608886719e-05
1740955846.9971526,receive,5.8650970458984375e-05
1740955847.0029655,send,5.507469177246094e-05
1740955847.0037098,receive,4.076957702636719e-05
1740955847.0040417,send,3.3855438232421875e-05
1740955847.097301,receive,6.127357482910156e-05
1740955847.1030416,send,7.128715515136719e-05
1740955847.1040742,receive,5.459785461425781e-05
1740955847.1044989,send,4.4345855712890625e-05
1740955847.1930487,receive,5.555152893066406e-05
1740955847.198394,send,4.482269287109375e-05
1740955847.1988199,send,4.124641418457031e-05
1740955847.2036872,receive,6.699562072753906e-05
1740955847.2989094,receive,5.793571472167969e-05
1740955847.304147,receive,6.270408630371094e-05
1740955847.304999,send,3.647804260253906e-05
1740955847.3055847,send,3.457069396972656e-05
1740955847.3919818,receive,5.91278076171875e-05
1740955847.3968656,send,4.291534423828125e-05
1740955847.3972583,send,4.291534423828125e-05
1740955847.403508,receive,5.221366882324219e-05
1740955847.4895518,receive,6.937980651855469e-05
1740955847.4943194,send,4.363059997558594e-05
1740955847.494695,send,5.054473876953125e-05
1740955847.5032473,receive,5.316734313964844e-05
1740955847.590018,receive,5.6743621826171875e-05
1740955847.5946589,send,4.482269287109375e-05
1740955847.5950515,send,3.600120544433594e-05
1740955847.6032135,receive,6.866455078125e-05
1740955847.6890895,receive,5.459785461425781e-05
1740955847.6937854,send,4.38690185546875e-05
1740955847.6941588,send,3.647804260253906e-05
1740955847.7032998,receive,4.9591064453125e-05
1740955847.791327,receive,5.364418029785156e-05
1740955847.7959037,send,4.458427429199219e-05
1740955847.7962515,send,3.1948089599609375e-05
1740955847.8035214,receive,6.151199340820312e-05
1740955847.8865001,receive,5.364418029785156e-05
1740955847.8907955,send,4.38690185546875e-05
1740955847.891157,send,3.8623809814453125e-05
1740955847.9032488,receive,6.0558319091796875e-05
1740955847.9879076,receive,5.316734313964844e-05
1740955847.9926631,send,4.100799560546875e-05
1740955847.9929817,send,3.266334533691406e-05
1740955848.0031483,receive,5.125999450683594e-05
1740955848.0871608,receive,7.62939453125e-05
1740955848.0915904,send,3.814697265625e-05
1740955848.0919442,send,3.0279159545898438e-05
1740955848.1031988,receive,6.365776062011719e-05
1740955848.1877255,receive,5.14984130859375e-05
1740955848.1920862,send,3.7670135498046875e-05
1740955848.192452,send,3.0040740966796875e-05
1740955848.2032778,receive,5.125999450683594e-05
1740955848.2040672,receive,3.743171691894531e-05
1740955848.2892926,receive,5.221366882324219e-05
1740955848.2937024,send,4.029273986816406e-05
1740955848.293992,send,2.9325485229492188e-05
1740955848.3866284,receive,4.863739013671875e-05
1740955848.3912363,send,3.8623809814453125e-05
1740955848.3915887,send,2.9802322387695312e-05
1740955848.404855,receive,8.320808410644531e-05
1740955848.5121949,receive,5.888938903808594e-05
1740955848.5132818,receive,3.123283386230469e-05
1740955848.5173411,send,4.649162292480469e-05
1740955848.5176935,send,3.218650817871094e-05
1740955848.5869536,receive,4.935264587402344e-05
1740955848.5911272,send,3.647804260253906e-05
1740955848.5914536,send,2.8133392333984375e-05
1740955848.6032917,receive,5.3882598876953125e-05
1740955848.6862457,receive,5.0067901611328125e-05
1740955848.690868,send,4.3392181396484375e-05
1740955848.6913853,send,3.0040740966796875e-05
1740955848.7044098,receive,7.748603820800781e-05
1740955848.7966716,receive,4.792213439941406e-05
1740955848.8009915,send,5.1975250244140625e-05
1740955848.8013246,send,3.457069396972656e-05
1740955848.8029864,receive,4.3392181396484375e-05
1740955848.8768847,receive,5.2928924560546875e-05
1740955848.8822522,send,8.153915405273438e-05
1740955848.8826318,send,2.9325485229492188e-05
1740955848.9033065,receive,8.225440979003906e-05
1740955848.9880106,receive,5.1021575927734375e-05
1740955848.992621,send,3.8623809814453125e-05
1740955848.9930513,send,3.123283386230469e-05
1740955849.003387,receive,5.3882598876953125e-05
1740955849.0877917,receive,5.0067901611328125e-05
1740955849.0921702,send,3.838539123535156e-05
1740955849.0925436,send,3.0279159545898438e-05
1740955849.104377,receive,6.29425048828125e-05
1740955849.1900187,receive,4.935264587402344e-05
1740955849.1942089,send,4.839897155761719e-05
1740955849.1945765,send,2.9087066650390625e-05
1740955849.2032855,receive,0.0004324913024902344
1740955849.2804515,receive,5.53131103515625e-05
1740955849.2849586,send,5.054473876953125e-05
1740955849.2853222,send,3.361701965332031e-05
1740955849.3034868,receive,5.602836608886719e-05
1740955849.3935819,receive,5.316734313964844e-05
1740955849.3980803,send,4.553794860839844e-05
1740955849.398467,send,3.218650817871094e-05
1740955849.4032738,receive,6.079673767089844e-05
1740955849.4853127,receive,5.555152893066406e-05
1740955849.4906828,send,4.4345855712890625e-05
1740955849.4910812,send,3.218650817871094e-05
1740955849.5046284,receive,7.653236389160156e-05
1740955849.5947962,receive,5.340576171875e-05
1740955849.5998492,send,4.291534423828125e-05
1740955849.600208,send,4.863739013671875e-05
1740955849.6056259,receive,9.584426879882812e-05
1740955849.696352,receive,5.0067901611328125e-05
1740955849.7010972,send,4.100799560546875e-05
1740955849.7014503,send,3.075599670410156e-05
1740955849.703146,receive,4.1961669921875e-05
1740955849.797544,receive,7.43865966796875e-05
1740955849.807896,receive,9.775161743164062e-05
1740955849.8090136,send,6.0558319091796875e-05
1740955849.8095508,send,4.792213439941406e-05
1740955849.949637,receive,8.821487426757812e-05
1740955849.951728,receive,7.414817810058594e-05
1740955850.0603373,receive,7.534027099609375e-05
1740955850.1753728,receive,8.440017700195312e-05
1740955850.1890812,send,8.702278137207031e-05
1740955850.190172,send,7.748603820800781e-05
1740955850.1956775,send,9.679794311523438e-05
1740955850.1964967,send,6.67572021484375e-05
1740955850.1972604,send,6.604194641113281e-05
1740955850.1981595,send,0.00011515617370605469
1740955850.3413,receive,7.295608520507812e-05
1740955850.3435962,receive,0.00012493133544921875
1740955850.345039,receive,6.866455078125e-05
1740955850.346635,receive,6.318092346191406e-05
1740955850.4834642,receive,7.987022399902344e-05
1740955850.5936878,send,6.699562072753906e-05
1740955850.5949314,receive,0.00010323524475097656
1740955850.687723,send,6.985664367675781e-05
1740955850.688798,receive,6.175041198730469e-05
1740955850.7746289,receive,0.00010085105895996094
1740955850.844621,send,6.246566772460938e-05
1740955850.848161,receive,5.0067901611328125e-05
1740955850.8500822,send,5.555152893066406e-05
1740955850.851071,receive,4.696846008300781e-05
1740955850.8517194,send,5.173683166503906e-05
1740955850.9302063,receive,8.678436279296875e-05
1740955850.9313972,send,4.7206878662109375e-05
1740955850.9346962,send,5.53131103515625e-05
1740955851.0059202,receive,7.128715515136719e-05
1740955851.0070968,send,4.506111145019531e-05
1740955851.0073626,send,3.600120544433594e-05
1740955851.012127,receive,5.745887756347656e-05
1740955851.0124953,send,3.933906555175781e-05
1740955851.012859,send,3.933906555175781e-05
1740955851.0804615,receive,0.00011348724365234375
1740955851.0817208,send,5.650520324707031e-05
1740955851.1619291,receive,6.341934204101562e-05
1740955851.1667693,send,8.7738037109375e-05
1740955851.1687956,receive,7.271766662597656e-05
1740955851.1698632,send,5.91278076171875e-05
1740955851.1704988,send,9.417533874511719e-05
1740955851.1725,receive,9.942054748535156e-05
1740955851.1773577,send,7.62939453125e-05
1740955851.1792724,receive,7.319450378417969e-05
1740955851.1801522,send,8.893013000488281e-05
1740955851.2558389,send,6.4849853515625e-05
1740955851.256926,receive,5.030632019042969e-05
1740955851.2586496,send,6.031990051269531e-05
1740955851.2606313,receive,6.866455078125e-05
1740955851.261119,send,7.462501525878906e-05
1740955851.2634435,receive,7.62939453125e-05
1740955851.265437,receive,0.00010132789611816406
1740955851.340753,receive,6.246566772460938e-05
1740955851.3419838,send,4.5299530029296875e-05
1740955851.3431737,receive,4.506111145019531e-05
1740955851.3436117,send,4.00543212890625e-05
1740955851.3447988,receive,4.410743713378906e-05
1740955851.3501318,send,5.7220458984375e-05
1740955851.4317434,receive,6.222724914550781e-05
1740955851.4326897,send,4.220008850097656e-05
1740955851.4339418,receive,5.2928924560546875e-05
1740955851.4389007,send,5.91278076171875e-05
1740955851.4393516,send,4.553794860839844e-05
1740955851.5308182,receive,6.842613220214844e-05
1740955851.5322714,receive,5.0067901611328125e-05
1740955851.5330865,receive,4.363059997558594e-05
1740955851.5412505,send,6.389617919921875e-05
1740955851.541757,send,4.3392181396484375e-05
1740955851.646525,receive,7.987022399902344e-05
1740955851.6489177,receive,6.508827209472656e-05
1740955851.655465,send,7.319450378417969e-05
1740955851.6560123,send,5.1975250244140625e-05
1740955851.7491477,receive,6.389617919921875e-05
1740955851.7506747,receive,4.5299530029296875e-05
1740955851.756361,send,5.91278076171875e-05
1740955851.7568586,send,5.1975250244140625e-05
1740955851.8284955,receive,8.511543273925781e-05
1740955851.8301122,receive,4.8160552978515625e-05
1740955851.8352103,send,6.651878356933594e-05
1740955851.8358617,send,4.363059997558594e-05
1740955851.9423194,receive,7.295608520507812e-05
1740955851.9445317,receive,5.888938903808594e-05
1740955852.0320885,receive,6.270408630371094e-05
1740955852.0336592,send,4.482269287109375e-05
1740955852.034072,send,3.814697265625e-05
1740955852.0386426,send,5.340576171875e-05
1740955852.039045,send,3.814697265625e-05
1740955852.1238542,receive,6.771087646484375e-05
1740955852.1257296,receive,5.173683166503906e-05
1740955852.1269782,receive,4.1961669921875e-05
1740955852.1319127,send,5.316734313964844e-05
1740955852.1324127,send,3.7670135498046875e-05
1740955852.2244928,receive,7.462501525878906e-05
1740955852.226002,receive,5.0067901611328125e-05
1740955852.2304614,send,5.507469177246094e-05
1740955852.2308314,send,3.647804260253906e-05
1740955852.3181589,receive,0.00012373924255371094
1740955852.3240273,send,7.319450378417969e-05
1740955852.3255184,receive,7.653236389160156e-05
1740955852.3260148,send,5.316734313964844e-05
1740955852.4168396,receive,6.818771362304688e-05
1740955852.4222345,send,5.054473876953125e-05
1740955852.42267,send,3.886222839355469e-05
1740955852.4253175,receive,6.031990051269531e-05
1740955852.522426,receive,6.031990051269531e-05
1740955852.5277064,receive,0.00011038780212402344
1740955852.5285769,send,3.910064697265625e-05
1740955852.5289986,send,3.600120544433594e-05
1740955852.6140754,receive,5.793571472167969e-05
1740955852.6195827,send,6.723403930664062e-05
1740955852.6200142,send,3.910064697265625e-05
1740955852.6255536,receive,5.817413330078125e-05
1740955852.7073386,receive,5.9604644775390625e-05
1740955852.7123263,send,4.38690185546875e-05
1740955852.7127726,send,3.504753112792969e-05
1740955852.725379,receive,0.00036644935607910156
1740955852.81409,receive,5.817413330078125e-05
1740955852.8193293,send,4.863739013671875e-05
1740955852.8197725,send,4.291534423828125e-05
1740955852.8252938,receive,5.030632019042969e-05
1740955852.9118216,receive,5.459785461425781e-05
1740955852.917012,send,4.5299530029296875e-05
1740955852.9174285,send,3.361701965332031e-05
1740955852.925152,receive,5.2928924560546875e-05
1740955853.0029085,receive,5.602836608886719e-05
1740955853.0076602,send,5.0067901611328125e-05
1740955853.0080657,send,3.743171691894531e-05
1740955853.025578,receive,7.653236389160156e-05
1740955853.1167445,receive,5.221366882324219e-05
1740955853.1212943,send,4.38690185546875e-05
1740955853.121662,send,3.0994415283203125e-05
1740955853.1250033,receive,5.245208740234375e-05
1740955853.206727,receive,4.649162292480469e-05
1740955853.2113802,send,3.814697265625e-05
1740955853.2117538,send,3.0517578125e-05
1740955853.2249749,receive,6.890296936035156e-05
1740955853.3082418,receive,4.9591064453125e-05
1740955853.3125732,send,3.695487976074219e-05
1740955853.3129401,send,2.9087066650390625e-05
1740955853.3249853,receive,5.245208740234375e-05
1740955853.4094217,receive,5.078315734863281e-05
1740955853.4137757,send,4.029273986816406e-05
1740955853.4140599,send,2.8848648071289062e-05
1740955853.4250205,receive,4.982948303222656e-05
1740955853.4989712,receive,4.9591064453125e-05
1740955853.5038955,send,4.76837158203125e-05
1740955853.5042562,send,3.910064697265625e-05
1740955853.5249386,receive,5.364418029785156e-05
1740955853.6263885,receive,5.0067901611328125e-05
1740955853.627577,receive,3.552436828613281e-05
1740955853.6312373,send,3.600120544433594e-05
1740955853.6315768,send,2.9087066650390625e-05
1740955853.7057407,receive,4.935264587402344e-05
1740955853.7102003,send,5.4836273193359375e-05
1740955853.710641,send,3.075599670410156e-05
1740955853.7250495,receive,6.508827209472656e-05
1740955853.7962084,receive,7.605552673339844e-05
1740955853.8004487,send,3.743171691894531e-05
1740955853.8007777,send,3.3855438232421875e-05
1740955853.8249996,receive,4.935264587402344e-05
1740955853.912906,receive,6.723403930664062e-05
1740955853.9170907,send,3.695487976074219e-05
1740955853.9174159,send,2.9325485229492188e-05
1740955853.9250546,receive,0.0009083747863769531
1740955853.9967618,receive,5.1975250244140625e-05
1740955854.001141,send,3.8623809814453125e-05
1740955854.0015018,send,3.5762786865234375e-05
1740955854.0249279,receive,4.673004150390625e-05
1740955854.094392,receive,6.127357482910156e-05
1740955854.0986977,send,3.886222839355469e-05
1740955854.099041,send,2.9325485229492188e-05
1740955854.1259258,receive,4.935264587402344e-05
1740955854.199476,receive,5.1975250244140625e-05
1740955854.2035937,send,3.814697265625e-05
1740955854.2039003,send,2.9325485229492188e-05
1740955854.2250807,receive,4.982948303222656e-05
1740955854.297878,receive,5.173683166503906e-05
1740955854.301882,send,3.695487976074219e-05
1740955854.3022127,send,3.600120544433594e-05
1740955854.3256812,receive,5.1975250244140625e-05
1740955854.392481,receive,5.91278076171875e-05
1740955854.3972776,send,3.695487976074219e-05
1740955854.3976119,send,2.8371810913085938e-05
1740955854.4258513,receive,6.461143493652344e-05
1740955854.5163374,receive,4.935264587402344e-05
1740955854.5208642,send,4.076957702636719e-05
1740955854.5212176,send,3.838539123535156e-05
1740955854.525139,receive,4.482269287109375e-05
1740955854.5903542,receive,5.7220458984375e-05
1740955854.5945446,send,3.910064697265625e-05
1740955854.594906,send,3.075599670410156e-05
1740955854.625363,receive,6.604194641113281e-05
1740955854.7003355,receive,5.2928924560546875e-05
1740955854.7050624,send,4.00543212890625e-05
1740955854.7054324,send,3.266334533691406e-05
1740955854.7251554,receive,5.173683166503906e-05
1740955854.7994375,receive,5.125999450683594e-05
1740955854.803993,send,3.9577484130859375e-05
1740955854.8043184,send,3.981590270996094e-05
1740955854.8251278,receive,5.0067901611328125e-05
1740955854.8963912,receive,4.982948303222656e-05
1740955854.900987,send,4.172325134277344e-05
1740955854.9013333,send,3.695487976074219e-05
1740955854.925214,receive,6.318092346191406e-05
1740955855.0068262,receive,5.507469177246094e-05
1740955855.011526,send,4.100799560546875e-05
1740955855.0118704,send,3.4332275390625e-05
1740955855.0264716,receive,8.96453857421875e-05
1740955855.1146405,receive,4.9591064453125e-05
1740955855.1196115,send,4.100799560546875e-05
1740955855.1199462,send,3.838539123535156e-05
1740955855.1251457,receive,4.76837158203125e-05
1740955855.211688,receive,5.054473876953125e-05
1740955855.2168403,send,4.76837158203125e-05
1740955855.2172575,send,3.075599670410156e-05
1740955855.2271256,receive,0.00011372566223144531
1740955855.3052957,receive,5.1021575927734375e-05
1740955855.3098204,send,3.933906555175781e-05
1740955855.310177,send,3.314018249511719e-05
1740955855.326783,receive,9.512901306152344e-05
1740955855.4062738,receive,4.982948303222656e-05
1740955855.410906,send,4.363059997558594e-05
1740955855.4112632,send,3.600120544433594e-05
1740955855.4269621,receive,0.00010204315185546875
1740955855.5205364,receive,4.935264587402344e-05
1740955855.5254521,receive,5.0067901611328125e-05
1740955855.526132,send,3.0517578125e-05
1740955855.5264316,send,2.6464462280273438e-05
1740955855.6013513,receive,5.3882598876953125e-05
1740955855.6061926,send,5.5789947509765625e-05
1740955855.6065602,send,4.076957702636719e-05
1740955855.6251378,receive,5.1021575927734375e-05
1740955855.6943614,receive,5.030632019042969e-05
1740955855.6987772,send,4.029273986816406e-05
1740955855.699106,send,3.24249267578125e-05
1740955855.7274218,receive,9.965896606445312e-05
1740955855.8328998,receive,4.935264587402344e-05
1740955855.8339193,receive,3.24249267578125e-05
1740955855.837664,send,4.363059997558594e-05
1740955855.8380027,send,3.266334533691406e-05
1740955855.8932595,receive,5.245208740234375e-05
1740955855.8976316,send,3.790855407714844e-05
1740955855.897972,send,2.956390380859375e-05
1740955855.927847,receive,9.226799011230469e-05
1740955856.014178,receive,5.698204040527344e-05
1740955856.0190616,send,5.602836608886719e-05
1740955856.0194743,send,3.552436828613281e-05
1740955856.0252657,receive,5.3882598876953125e-05
1740955856.1013737,receive,5.3882598876953125e-05
1740955856.1061268,send,4.029273986816406e-05
1740955856.1064847,send,3.0279159545898438e-05
1740955856.125261,receive,5.364418029785156e-05
1740955856.1928015,receive,5.364418029785156e-05
1740955856.1968925,send,3.838539123535156e-05
1740955856.1972551,send,3.0279159545898438e-05
1740955856.2252562,receive,6.842613220214844e-05
1740955856.297361,receive,5.14984130859375e-05
1740955856.3022535,send,4.3392181396484375e-05
1740955856.3026242,send,2.9802322387695312e-05
1740955856.3280466,receive,0.00014901161193847656
1740955856.404733,receive,5.2928924560546875e-05
1740955856.4093573,send,4.124641418457031e-05
1740955856.4097073,send,2.9325485229492188e-05
1740955856.4251175,receive,5.269050598144531e-05
1740955856.4954247,receive,5.340576171875e-05
1740955856.4998274,send,4.57763671875e-05
1740955856.500181,send,3.409385681152344e-05
1740955856.525461,receive,6.556510925292969e-05
1740955856.6104577,receive,5.841255187988281e-05
1740955856.614806,send,4.029273986816406e-05
1740955856.6151314,send,3.24249267578125e-05
1740955856.6251261,receive,6.103515625e-05
1740955856.7034664,receive,5.14984130859375e-05
1740955856.7077003,send,3.933906555175781e-05
1740955856.7080326,send,2.956390380859375e-05
1740955856.7251947,receive,6.556510925292969e-05
1740955856.8230698,receive,4.9591064453125e-05
1740955856.8250945,receive,4.291534423828125e-05
1740955856.8284912,send,4.291534423828125e-05
1740955856.828921,send,3.886222839355469e-05
1740955856.8967729,receive,5.1975250244140625e-05
1740955856.9009519,send,3.838539123535156e-05
1740955856.9012916,send,3.552436828613281e-05
1740955856.9251459,receive,5.1021575927734375e-05
1740955857.002165,receive,5.245208740234375e-05
1740955857.006885,send,3.933906555175781e-05
1740955857.007242,send,3.123283386230469e-05
1740955857.0258453,receive,6.246566772460938e-05
1740955857.1105335,receive,5.030632019042969e-05
1740955857.115292,send,4.7206878662109375e-05
1740955857.115504,send,2.956390380859375e-05
